2021/10/29,14:51,"	ttyUSB0","	3"
2021/10/29,14:52,"	ttyUSB0","	3"
2021/10/29,14:53,"	ttyUSB0","	3"
2021/10/29,14:54,"	ttyUSB0","	3"
2021/10/29,14:55,"	ttyUSB0","	3"
2021/10/29,14:56,"	ttyUSB0","	3"
2021/10/29,14:57,"	ttyUSB0","	3"
2021/10/29,14:58,"	ttyUSB0","	3"
2021/10/29,14:59,"	ttyUSB0","	3"
2021/10/29,15:00,"	ttyUSB0","	3"
2021/10/29,15:01,"	ttyUSB0","	3"
2021/10/29,15:02,"	ttyUSB0","	3"
2021/10/29,15:03,"	ttyUSB0","	3"
2021/10/29,15:04,"	ttyUSB0","	3"
2021/10/29,15:05,"	ttyUSB0","	3"
2021/10/29,15:06,"	ttyUSB0","	3"
2021/10/29,15:07,"	ttyUSB0","	3"
2021/10/29,15:08,"	ttyUSB0","	3"
2021/10/29,15:09,"	ttyUSB0","	3"
2021/10/29,15:10,"	ttyUSB0","	3"
2021/10/29,15:11,"	ttyUSB0","	3"
2021/10/29,15:12,"	ttyUSB0","	3"
2021/10/29,15:13,"	ttyUSB0","	3"
2021/10/29,15:14,"	ttyUSB0","	3"
2021/10/29,15:15,"	ttyUSB0","	3"
2021/10/29,15:16,"	ttyUSB0","	3"
2021/10/29,15:17,"	ttyUSB0","	3"
2021/10/29,15:18,"	ttyUSB0","	3"
2021/10/29,15:19,"	ttyUSB0","	3"
2021/10/29,15:20,"	ttyUSB0","	3"
2021/10/29,15:21,"	ttyUSB0","	3"
2021/10/29,15:22,"	ttyUSB0","	3"
2021/10/29,15:23,"	ttyUSB0","	3"
2021/10/29,15:24,"	ttyUSB0","	3"
2021/10/29,15:25,"	ttyUSB0","	3"
2021/10/29,15:26,"	ttyUSB0","	3"
2021/10/29,15:27,"	ttyUSB0","	3"
2021/10/29,15:28,"	ttyUSB0","	3"
2021/10/29,15:29,"	ttyUSB0","	3"
2021/10/29,15:30,"	ttyUSB0","	3"
2021/10/29,15:31,"	ttyUSB0","	3"
2021/10/29,15:32,"	ttyUSB0","	3"
2021/10/29,15:33,"	ttyUSB0","	3"
2021/10/29,15:34,"	ttyUSB0","	3"
2021/10/29,15:35,"	ttyUSB0","	3"
2021/10/29,15:36,"	ttyUSB0","	3"
2021/10/29,15:37,"	ttyUSB0","	3"
2021/10/29,15:38,"	ttyUSB0","	3"
2021/10/29,15:39,"	ttyUSB0","	3"
2021/10/29,15:40,"	ttyUSB0","	3"
2021/10/29,15:41,"	ttyUSB0","	3"
2021/10/29,15:42,"	ttyUSB0","	3"
2021/10/29,15:43,"	ttyUSB0","	3"
2021/10/29,15:44,"	ttyUSB0","	3"
2021/10/29,15:45,"	ttyUSB0","	3"
2021/10/29,15:46,"	ttyUSB0","	3"
2021/10/29,15:47,"	ttyUSB0","	3"
2021/10/29,15:48,"	ttyUSB0","	3"
2021/10/29,15:49,"	ttyUSB0","	3"
2021/10/29,15:50,"	ttyUSB0","	3"
2021/10/29,15:51,"	ttyUSB0","	3"
2021/10/29,15:52,"	ttyUSB0","	3"
2021/10/29,15:53,"	ttyUSB0","	3"
2021/10/29,15:54,"	ttyUSB0","	3"
2021/10/29,15:55,"	ttyUSB0","	3"
2021/10/29,15:56,"	ttyUSB0","	3"
2021/10/29,15:57,"	ttyUSB0","	3"
2021/10/29,15:58,"	ttyUSB0","	3"
2021/10/29,15:59,"	ttyUSB0","	3"
2021/10/29,16:00,"	ttyUSB0","	3"
2021/10/29,16:01,"	ttyUSB0","	3"
2021/10/29,16:02,"	ttyUSB0","	3"
2021/10/29,16:03,"	ttyUSB0","	3"
2021/10/29,16:04,"	ttyUSB0","	3"
2021/10/29,16:05,"	ttyUSB0","	3"
2021/10/29,16:06,"	ttyUSB0","	3"
2021/10/29,16:07,"	ttyUSB0","	3"
2021/10/29,16:08,"	ttyUSB0","	3"
2021/10/29,16:09,"	ttyUSB0","	3"
2021/10/29,16:10,"	ttyUSB0","	3"
2021/10/29,16:11,"	ttyUSB0","	3"
2021/10/29,16:12,"	ttyUSB0","	3"
2021/10/29,16:13,"	ttyUSB0","	3"
2021/10/29,16:14,"	ttyUSB0","	3"
2021/10/29,16:15,"	ttyUSB0","	3"
2021/10/29,16:16,"	ttyUSB0","	3"
2021/10/29,16:17,"	ttyUSB0","	3"
2021/10/29,16:18,"	ttyUSB0","	3"
2021/10/29,16:19,"	ttyUSB0","	3"
2021/10/29,16:20,"	ttyUSB0","	3"
2021/10/29,16:21,"	ttyUSB0","	3"
2021/10/29,16:22,"	ttyUSB0","	3"
2021/10/29,16:23,"	ttyUSB0","	3"
2021/10/29,16:24,"	ttyUSB0","	3"
2021/10/29,16:25,"	ttyUSB0","	3"
2021/10/29,16:26,"	ttyUSB0","	3"
2021/10/29,16:27,"	ttyUSB0","	3"
2021/10/29,16:28,"	ttyUSB0","	3"
2021/10/29,16:29,"	ttyUSB0","	3"
2021/10/29,16:30,"	ttyUSB0","	3"
2021/10/29,16:31,"	ttyUSB0","	3"
2021/10/29,16:32,"	ttyUSB0","	3"
2021/10/29,16:33,"	ttyUSB0","	3"
2021/10/29,16:34,"	ttyUSB0","	3"
2021/10/29,16:35,"	ttyUSB0","	3"
2021/10/29,16:36,"	ttyUSB0","	3"
2021/10/29,16:37,"	ttyUSB0","	3"
2021/10/29,16:38,"	ttyUSB0","	3"
2021/10/29,16:39,"	ttyUSB0","	3"
2021/10/29,16:40,"	ttyUSB0","	3"
2021/10/29,16:41,"	ttyUSB0","	3"
2021/10/29,16:42,"	ttyUSB0","	3"
2021/10/29,16:43,"	ttyUSB0","	3"
2021/10/29,16:44,"	ttyUSB0","	3"
2021/10/29,16:45,"	ttyUSB0","	3"
2021/10/29,16:46,"	ttyUSB0","	3"
2021/10/29,16:47,"	ttyUSB0","	3"
2021/10/29,16:48,"	ttyUSB0","	3"
2021/10/29,16:49,"	ttyUSB0","	3"
2021/10/29,16:50,"	ttyUSB0","	3"
2021/10/29,16:51,"	ttyUSB0","	3"
2021/10/29,16:52,"	ttyUSB0","	3"
2021/10/29,16:53,"	ttyUSB0","	3"
2021/10/29,16:54,"	ttyUSB0","	3"
2021/10/29,16:55,"	ttyUSB0","	3"
2021/10/29,16:56,"	ttyUSB0","	3"
2021/10/29,16:57,"	ttyUSB0","	3"
2021/10/29,16:58,"	ttyUSB0","	3"
2021/10/29,16:59,"	ttyUSB0","	3"
2021/10/29,17:00,"	ttyUSB0","	3"
2021/10/29,17:01,"	ttyUSB0","	3"
2021/10/29,17:02,"	ttyUSB0","	3"
2021/10/29,17:03,"	ttyUSB0","	3"
2021/10/29,17:04,"	ttyUSB0","	3"
2021/10/29,17:05,"	ttyUSB0","	3"
2021/10/29,17:06,"	ttyUSB0","	3"
2021/10/29,17:07,"	ttyUSB0","	3"
2021/10/29,17:08,"	ttyUSB0","	3"
2021/10/29,17:09,"	ttyUSB0","	3"
2021/10/29,17:10,"	ttyUSB0","	3"
2021/10/29,17:11,"	ttyUSB0","	3"
2021/10/29,17:12,"	ttyUSB0","	3"
2021/10/29,17:13,"	ttyUSB0","	3"
2021/10/29,17:14,"	ttyUSB0","	3"
2021/10/29,17:15,"	ttyUSB0","	3"
2021/10/29,17:16,"	ttyUSB0","	3"
2021/10/29,17:17,"	ttyUSB0","	3"
2021/10/29,17:18,"	ttyUSB0","	3"
2021/10/29,17:19,"	ttyUSB0","	3"
2021/10/29,17:20,"	ttyUSB0","	3"
2021/10/29,17:21,"	ttyUSB0","	3"
2021/10/29,17:22,"	ttyUSB0","	3"
2021/10/29,17:23,"	ttyUSB0","	3"
2021/10/29,17:24,"	ttyUSB0","	3"
2021/10/29,17:25,"	ttyUSB0","	3"
2021/10/29,17:26,"	ttyUSB0","	3"
2021/10/29,17:27,"	ttyUSB0","	3"
2021/10/29,17:28,"	ttyUSB0","	3"
2021/10/29,17:29,"	ttyUSB0","	3"
2021/10/29,17:30,"	ttyUSB0","	3"
2021/10/29,17:31,"	ttyUSB0","	3"
2021/10/29,17:32,"	ttyUSB0","	3"
2021/10/29,17:33,"	ttyUSB0","	3"
2021/10/29,17:34,"	ttyUSB0","	3"
2021/10/29,17:35,"	ttyUSB0","	3"
2021/10/29,17:36,"	ttyUSB0","	3"
2021/10/29,17:37,"	ttyUSB0","	3"
2021/10/29,17:38,"	ttyUSB0","	3"
2021/10/29,17:39,"	ttyUSB0","	3"
2021/10/29,17:40,"	ttyUSB0","	3"
2021/10/29,17:41,"	ttyUSB0","	3"
2021/10/29,17:42,"	ttyUSB0","	3"
2021/10/29,17:43,"	ttyUSB0","	3"
2021/10/29,17:44,"	ttyUSB0","	3"
2021/10/29,17:45,"	ttyUSB0","	3"
2021/10/29,17:46,"	ttyUSB0","	3"
2021/10/29,17:47,"	ttyUSB0","	3"
2021/10/29,17:48,"	ttyUSB0","	3"
2021/10/29,17:49,"	ttyUSB0","	3"
2021/10/29,17:50,"	ttyUSB0","	3"
2021/10/29,17:51,"	ttyUSB0","	3"
2021/10/29,17:52,"	ttyUSB0","	3"
2021/10/29,17:53,"	ttyUSB0","	3"
2021/10/29,17:54,"	ttyUSB0","	3"
2021/10/29,17:55,"	ttyUSB0","	3"
2021/10/29,17:56,"	ttyUSB0","	3"
2021/10/29,17:57,"	ttyUSB0","	3"
2021/10/29,17:58,"	ttyUSB0","	3"
2021/10/29,17:59,"	ttyUSB0","	3"
2021/10/29,18:00,"	ttyUSB0","	3"
2021/10/29,18:01,"	ttyUSB0","	3"
2021/10/29,18:02,"	ttyUSB0","	3"
2021/10/29,18:03,"	ttyUSB0","	3"
2021/10/29,18:04,"	ttyUSB0","	3"
2021/10/29,18:05,"	ttyUSB0","	3"
2021/10/29,18:06,"	ttyUSB0","	3"
2021/10/29,18:07,"	ttyUSB0","	3"
2021/10/29,18:08,"	ttyUSB0","	3"
2021/10/29,18:09,"	ttyUSB0","	3"
2021/10/29,18:10,"	ttyUSB0","	3"
2021/10/29,18:11,"	ttyUSB0","	3"
2021/10/29,18:12,"	ttyUSB0","	3"
2021/10/29,18:13,"	ttyUSB0","	3"
2021/10/29,18:14,"	ttyUSB0","	3"
2021/10/29,18:15,"	ttyUSB0","	3"
2021/10/29,18:16,"	ttyUSB0","	3"
2021/10/29,18:17,"	ttyUSB0","	3"
2021/10/29,18:18,"	ttyUSB0","	3"
2021/10/29,18:19,"	ttyUSB0","	3"
2021/10/29,18:20,"	ttyUSB0","	3"
2021/10/29,18:21,"	ttyUSB0","	3"
2021/10/29,18:22,"	ttyUSB0","	3"
2021/10/29,18:23,"	ttyUSB0","	3"
2021/10/29,18:24,"	ttyUSB0","	3"
2021/10/29,18:25,"	ttyUSB0","	4"
2021/10/29,18:26,"	ttyUSB0","	3"
2021/10/29,18:27,"	ttyUSB0","	3"
2021/10/29,18:28,"	ttyUSB0","	3"
2021/10/29,18:29,"	ttyUSB0","	3"
2021/10/29,18:30,"	ttyUSB0","	3"
2021/10/29,18:31,"	ttyUSB0","	3"
2021/10/29,18:32,"	ttyUSB0","	3"
2021/10/29,18:33,"	ttyUSB0","	4"
2021/10/29,18:34,"	ttyUSB0","	4"
2021/10/29,18:35,"	ttyUSB0","	3"
2021/10/29,18:36,"	ttyUSB0","	3"
2021/10/29,18:37,"	ttyUSB0","	4"
2021/10/29,18:38,"	ttyUSB0","	4"
2021/10/29,18:39,"	ttyUSB0","	4"
2021/10/29,18:40,"	ttyUSB0","	3"
2021/10/29,18:41,"	ttyUSB0","	3"
2021/10/29,18:42,"	ttyUSB0","	3"
2021/10/29,18:43,"	ttyUSB0","	3"
2021/10/29,18:44,"	ttyUSB0","	3"
2021/10/29,18:45,"	ttyUSB0","	3"
2021/10/29,18:46,"	ttyUSB0","	3"
2021/10/29,18:47,"	ttyUSB0","	3"
2021/10/29,18:48,"	ttyUSB0","	3"
2021/10/29,18:49,"	ttyUSB0","	3"
2021/10/29,18:50,"	ttyUSB0","	3"
2021/10/29,18:51,"	ttyUSB0","	3"
2021/10/29,18:52,"	ttyUSB0","	3"
2021/10/29,18:53,"	ttyUSB0","	3"
2021/10/29,18:54,"	ttyUSB0","	3"
2021/10/29,18:55,"	ttyUSB0","	3"
2021/10/29,18:56,"	ttyUSB0","	3"
2021/10/29,18:57,"	ttyUSB0","	3"
2021/10/29,18:58,"	ttyUSB0","	3"
2021/10/29,18:59,"	ttyUSB0","	3"
2021/10/29,19:00,"	ttyUSB0","	3"
2021/10/29,19:01,"	ttyUSB0","	3"
2021/10/29,19:02,"	ttyUSB0","	3"
2021/10/29,19:03,"	ttyUSB0","	3"
2021/10/29,19:04,"	ttyUSB0","	3"
2021/10/29,19:05,"	ttyUSB0","	3"
2021/10/29,19:06,"	ttyUSB0","	4"
2021/10/29,19:07,"	ttyUSB0","	4"
2021/10/29,19:08,"	ttyUSB0","	4"
2021/10/29,19:09,"	ttyUSB0","	4"
2021/10/29,19:10,"	ttyUSB0","	3"
2021/10/29,19:11,"	ttyUSB0","	3"
2021/10/29,19:12,"	ttyUSB0","	3"
2021/10/29,19:13,"	ttyUSB0","	3"
2021/10/29,19:14,"	ttyUSB0","	3"
2021/10/29,19:15,"	ttyUSB0","	3"
2021/10/29,19:16,"	ttyUSB0","	3"
2021/10/29,19:17,"	ttyUSB0","	3"
2021/10/29,19:18,"	ttyUSB0","	3"
2021/10/29,19:19,"	ttyUSB0","	3"
2021/10/29,19:20,"	ttyUSB0","	3"
2021/10/29,19:21,"	ttyUSB0","	4"
2021/10/29,19:22,"	ttyUSB0","	4"
2021/10/29,19:23,"	ttyUSB0","	4"
2021/10/29,19:24,"	ttyUSB0","	4"
2021/10/29,19:25,"	ttyUSB0","	4"
2021/10/29,19:26,"	ttyUSB0","	3"
2021/10/29,19:27,"	ttyUSB0","	3"
2021/10/29,19:28,"	ttyUSB0","	3"
2021/10/29,19:29,"	ttyUSB0","	3"
2021/10/29,19:30,"	ttyUSB0","	3"
2021/10/29,19:31,"	ttyUSB0","	3"
2021/10/29,19:32,"	ttyUSB0","	3"
2021/10/29,19:33,"	ttyUSB0","	3"
2021/10/29,19:34,"	ttyUSB0","	3"
2021/10/29,19:35,"	ttyUSB0","	3"
2021/10/29,19:36,"	ttyUSB0","	3"
2021/10/29,19:37,"	ttyUSB0","	3"
2021/10/29,19:38,"	ttyUSB0","	3"
2021/10/29,19:39,"	ttyUSB0","	3"
2021/10/29,19:40,"	ttyUSB0","	4"
2021/10/29,19:41,"	ttyUSB0","	4"
2021/10/29,19:42,"	ttyUSB0","	4"
2021/10/29,19:43,"	ttyUSB0","	4"
2021/10/29,19:44,"	ttyUSB0","	4"
2021/10/29,19:45,"	ttyUSB0","	4"
2021/10/29,19:46,"	ttyUSB0","	4"
2021/10/29,19:47,"	ttyUSB0","	4"
2021/10/29,19:48,"	ttyUSB0","	4"
2021/10/29,19:49,"	ttyUSB0","	4"
2021/10/29,19:50,"	ttyUSB0","	3"
2021/10/29,19:51,"	ttyUSB0","	3"
2021/10/29,19:52,"	ttyUSB0","	3"
2021/10/29,19:53,"	ttyUSB0","	3"
2021/10/29,19:54,"	ttyUSB0","	3"
2021/10/29,19:55,"	ttyUSB0","	3"
2021/10/29,19:56,"	ttyUSB0","	3"
2021/10/29,19:57,"	ttyUSB0","	3"
2021/10/29,19:58,"	ttyUSB0","	3"
2021/10/29,19:59,"	ttyUSB0","	3"
2021/10/29,20:00,"	ttyUSB0","	3"
2021/10/29,20:01,"	ttyUSB0","	3"
2021/10/29,20:02,"	ttyUSB0","	3"
2021/10/29,20:03,"	ttyUSB0","	3"
2021/10/29,20:04,"	ttyUSB0","	3"
2021/10/29,20:05,"	ttyUSB0","	3"
2021/10/29,20:06,"	ttyUSB0","	3"
2021/10/29,20:07,"	ttyUSB0","	3"
2021/10/29,20:08,"	ttyUSB0","	3"
2021/10/29,20:09,"	ttyUSB0","	3"
2021/10/29,20:10,"	ttyUSB0","	3"
2021/10/29,20:11,"	ttyUSB0","	3"
2021/10/29,20:12,"	ttyUSB0","	3"
2021/10/29,20:13,"	ttyUSB0","	3"
2021/10/29,20:14,"	ttyUSB0","	3"
2021/10/29,20:15,"	ttyUSB0","	3"
2021/10/29,20:16,"	ttyUSB0","	3"
2021/10/29,20:17,"	ttyUSB0","	3"
2021/10/29,20:18,"	ttyUSB0","	3"
2021/10/29,20:19,"	ttyUSB0","	3"
2021/10/29,20:20,"	ttyUSB0","	3"
2021/10/29,20:21,"	ttyUSB0","	3"
2021/10/29,20:22,"	ttyUSB0","	3"
2021/10/29,20:23,"	ttyUSB0","	3"
2021/10/29,20:24,"	ttyUSB0","	3"
2021/10/29,20:25,"	ttyUSB0","	4"
2021/10/29,20:26,"	ttyUSB0","	4"
2021/10/29,20:27,"	ttyUSB0","	3"
2021/10/29,20:28,"	ttyUSB0","	3"
2021/10/29,20:29,"	ttyUSB0","	3"
2021/10/29,20:30,"	ttyUSB0","	3"
2021/10/29,20:31,"	ttyUSB0","	3"
2021/10/29,20:32,"	ttyUSB0","	3"
2021/10/29,20:33,"	ttyUSB0","	3"
2021/10/29,20:34,"	ttyUSB0","	3"
2021/10/29,20:35,"	ttyUSB0","	3"
2021/10/29,20:36,"	ttyUSB0","	3"
2021/10/29,20:37,"	ttyUSB0","	3"
2021/10/29,20:38,"	ttyUSB0","	3"
2021/10/29,20:39,"	ttyUSB0","	3"
2021/10/29,20:40,"	ttyUSB0","	3"
2021/10/29,20:41,"	ttyUSB0","	3"
2021/10/29,20:42,"	ttyUSB0","	3"
2021/10/29,20:43,"	ttyUSB0","	3"
2021/10/29,20:44,"	ttyUSB0","	3"
2021/10/29,20:45,"	ttyUSB0","	3"
2021/10/29,20:46,"	ttyUSB0","	3"
2021/10/29,20:47,"	ttyUSB0","	3"
2021/10/29,20:48,"	ttyUSB0","	3"
2021/10/29,20:49,"	ttyUSB0","	3"
2021/10/29,20:50,"	ttyUSB0","	3"
2021/10/29,20:51,"	ttyUSB0","	3"
2021/10/29,20:52,"	ttyUSB0","	3"
2021/10/29,20:53,"	ttyUSB0","	3"
2021/10/29,20:54,"	ttyUSB0","	3"
2021/10/29,20:55,"	ttyUSB0","	3"
2021/10/29,20:56,"	ttyUSB0","	3"
2021/10/29,20:57,"	ttyUSB0","	3"
2021/10/29,20:58,"	ttyUSB0","	3"
2021/10/29,20:59,"	ttyUSB0","	3"
2021/10/29,21:00,"	ttyUSB0","	3"
2021/10/29,21:01,"	ttyUSB0","	3"
2021/10/29,21:02,"	ttyUSB0","	3"
2021/10/29,21:03,"	ttyUSB0","	3"
2021/10/29,21:04,"	ttyUSB0","	3"
2021/10/29,21:05,"	ttyUSB0","	3"
2021/10/29,21:06,"	ttyUSB0","	3"
2021/10/29,21:07,"	ttyUSB0","	3"
2021/10/29,21:08,"	ttyUSB0","	3"
2021/10/29,21:09,"	ttyUSB0","	3"
2021/10/29,21:10,"	ttyUSB0","	3"
2021/10/29,21:11,"	ttyUSB0","	3"
2021/10/29,21:12,"	ttyUSB0","	3"
2021/10/29,21:13,"	ttyUSB0","	3"
2021/10/29,21:14,"	ttyUSB0","	3"
2021/10/29,21:15,"	ttyUSB0","	3"
2021/10/29,21:16,"	ttyUSB0","	3"
2021/10/29,21:17,"	ttyUSB0","	3"
2021/10/29,21:18,"	ttyUSB0","	3"
2021/10/29,21:19,"	ttyUSB0","	3"
2021/10/29,21:20,"	ttyUSB0","	3"
2021/10/29,21:21,"	ttyUSB0","	3"
2021/10/29,21:22,"	ttyUSB0","	3"
2021/10/29,21:23,"	ttyUSB0","	3"
2021/10/29,21:24,"	ttyUSB0","	4"
2021/10/29,21:25,"	ttyUSB0","	3"
2021/10/29,21:26,"	ttyUSB0","	3"
2021/10/29,21:27,"	ttyUSB0","	3"
2021/10/29,21:28,"	ttyUSB0","	3"
2021/10/29,21:29,"	ttyUSB0","	3"
2021/10/29,21:30,"	ttyUSB0","	3"
2021/10/29,21:31,"	ttyUSB0","	3"
2021/10/29,21:32,"	ttyUSB0","	3"
2021/10/29,21:33,"	ttyUSB0","	3"
2021/10/29,21:34,"	ttyUSB0","	3"
2021/10/29,21:35,"	ttyUSB0","	3"
2021/10/29,21:36,"	ttyUSB0","	3"
2021/10/29,21:37,"	ttyUSB0","	4"
2021/10/29,21:38,"	ttyUSB0","	4"
2021/10/29,21:39,"	ttyUSB0","	3"
2021/10/29,21:40,"	ttyUSB0","	3"
2021/10/29,21:41,"	ttyUSB0","	3"
2021/10/29,21:42,"	ttyUSB0","	3"
2021/10/29,21:43,"	ttyUSB0","	3"
2021/10/29,21:44,"	ttyUSB0","	3"
2021/10/29,21:45,"	ttyUSB0","	3"
2021/10/29,21:46,"	ttyUSB0","	3"
2021/10/29,21:47,"	ttyUSB0","	3"
2021/10/29,21:48,"	ttyUSB0","	3"
2021/10/29,21:49,"	ttyUSB0","	3"
2021/10/29,21:50,"	ttyUSB0","	3"
2021/10/29,21:51,"	ttyUSB0","	3"
2021/10/29,21:52,"	ttyUSB0","	3"
2021/10/29,21:53,"	ttyUSB0","	3"
2021/10/29,21:54,"	ttyUSB0","	3"
2021/10/29,21:55,"	ttyUSB0","	3"
2021/10/29,21:56,"	ttyUSB0","	3"
2021/10/29,21:57,"	ttyUSB0","	3"
2021/10/29,21:58,"	ttyUSB0","	3"
2021/10/29,21:59,"	ttyUSB0","	3"
2021/10/29,22:00,"	ttyUSB0","	3"
2021/10/29,22:01,"	ttyUSB0","	3"
2021/10/29,22:02,"	ttyUSB0","	3"
2021/10/29,22:03,"	ttyUSB0","	3"
2021/10/29,22:04,"	ttyUSB0","	3"
2021/10/29,22:05,"	ttyUSB0","	3"
2021/10/29,22:06,"	ttyUSB0","	3"
2021/10/29,22:07,"	ttyUSB0","	3"
2021/10/29,22:08,"	ttyUSB0","	3"
2021/10/29,22:09,"	ttyUSB0","	3"
2021/10/29,22:10,"	ttyUSB0","	3"
2021/10/29,22:11,"	ttyUSB0","	3"
2021/10/29,22:12,"	ttyUSB0","	3"
2021/10/29,22:13,"	ttyUSB0","	3"
2021/10/29,22:14,"	ttyUSB0","	3"
2021/10/29,22:15,"	ttyUSB0","	3"
2021/10/29,22:16,"	ttyUSB0","	3"
2021/10/29,22:17,"	ttyUSB0","	3"
2021/10/29,22:18,"	ttyUSB0","	3"
2021/10/29,22:19,"	ttyUSB0","	3"
2021/10/29,22:20,"	ttyUSB0","	3"
2021/10/29,22:21,"	ttyUSB0","	3"
2021/10/29,22:22,"	ttyUSB0","	3"
2021/10/29,22:23,"	ttyUSB0","	3"
2021/10/29,22:24,"	ttyUSB0","	3"
2021/10/29,22:25,"	ttyUSB0","	3"
2021/10/29,22:26,"	ttyUSB0","	3"
2021/10/29,22:27,"	ttyUSB0","	3"
2021/10/29,22:28,"	ttyUSB0","	3"
2021/10/29,22:29,"	ttyUSB0","	3"
2021/10/29,22:30,"	ttyUSB0","	3"
2021/10/29,22:31,"	ttyUSB0","	3"
2021/10/29,22:32,"	ttyUSB0","	3"
2021/10/29,22:33,"	ttyUSB0","	3"
2021/10/29,22:34,"	ttyUSB0","	3"
2021/10/29,22:35,"	ttyUSB0","	3"
2021/10/29,22:36,"	ttyUSB0","	3"
2021/10/29,22:37,"	ttyUSB0","	3"
2021/10/29,22:38,"	ttyUSB0","	3"
2021/10/29,22:39,"	ttyUSB0","	3"
2021/10/29,22:40,"	ttyUSB0","	3"
2021/10/29,22:41,"	ttyUSB0","	3"
2021/10/29,22:42,"	ttyUSB0","	3"
2021/10/29,22:43,"	ttyUSB0","	3"
2021/10/29,22:44,"	ttyUSB0","	3"
2021/10/29,22:45,"	ttyUSB0","	3"
2021/10/29,22:46,"	ttyUSB0","	3"
2021/10/29,22:47,"	ttyUSB0","	3"
2021/10/29,22:48,"	ttyUSB0","	3"
2021/10/29,22:49,"	ttyUSB0","	3"
2021/10/29,22:50,"	ttyUSB0","	3"
2021/10/29,22:51,"	ttyUSB0","	3"
2021/10/29,22:52,"	ttyUSB0","	3"
2021/10/29,22:53,"	ttyUSB0","	3"
2021/10/29,22:54,"	ttyUSB0","	3"
2021/10/29,22:55,"	ttyUSB0","	3"
2021/10/29,22:56,"	ttyUSB0","	3"
2021/10/29,22:57,"	ttyUSB0","	3"
2021/10/29,22:58,"	ttyUSB0","	3"
2021/10/29,22:59,"	ttyUSB0","	3"
2021/10/29,23:00,"	ttyUSB0","	3"
2021/10/29,23:01,"	ttyUSB0","	3"
2021/10/29,23:02,"	ttyUSB0","	3"
2021/10/29,23:03,"	ttyUSB0","	3"
2021/10/29,23:04,"	ttyUSB0","	3"
2021/10/29,23:05,"	ttyUSB0","	3"
2021/10/29,23:06,"	ttyUSB0","	3"
2021/10/29,23:07,"	ttyUSB0","	3"
2021/10/29,23:08,"	ttyUSB0","	3"
2021/10/29,23:09,"	ttyUSB0","	3"
2021/10/29,23:10,"	ttyUSB0","	3"
2021/10/29,23:11,"	ttyUSB0","	3"
2021/10/29,23:12,"	ttyUSB0","	3"
2021/10/29,23:13,"	ttyUSB0","	3"
2021/10/29,23:14,"	ttyUSB0","	3"
2021/10/29,23:15,"	ttyUSB0","	3"
2021/10/29,23:16,"	ttyUSB0","	3"
2021/10/29,23:17,"	ttyUSB0","	3"
2021/10/29,23:18,"	ttyUSB0","	3"
2021/10/29,23:19,"	ttyUSB0","	3"
2021/10/29,23:20,"	ttyUSB0","	3"
2021/10/29,23:21,"	ttyUSB0","	3"
2021/10/29,23:22,"	ttyUSB0","	3"
2021/10/29,23:23,"	ttyUSB0","	3"
2021/10/29,23:24,"	ttyUSB0","	3"
2021/10/29,23:25,"	ttyUSB0","	3"
2021/10/29,23:26,"	ttyUSB0","	3"
2021/10/29,23:27,"	ttyUSB0","	3"
2021/10/29,23:28,"	ttyUSB0","	3"
2021/10/29,23:29,"	ttyUSB0","	3"
2021/10/29,23:30,"	ttyUSB0","	3"
2021/10/29,23:31,"	ttyUSB0","	3"
2021/10/29,23:32,"	ttyUSB0","	3"
2021/10/29,23:33,"	ttyUSB0","	3"
2021/10/29,23:34,"	ttyUSB0","	3"
2021/10/29,23:35,"	ttyUSB0","	3"
2021/10/29,23:36,"	ttyUSB0","	3"
2021/10/29,23:37,"	ttyUSB0","	3"
2021/10/29,23:38,"	ttyUSB0","	3"
2021/10/29,23:39,"	ttyUSB0","	3"
2021/10/29,23:40,"	ttyUSB0","	3"
2021/10/29,23:41,"	ttyUSB0","	3"
2021/10/29,23:42,"	ttyUSB0","	3"
2021/10/29,23:43,"	ttyUSB0","	3"
2021/10/29,23:44,"	ttyUSB0","	3"
2021/10/29,23:45,"	ttyUSB0","	3"
2021/10/29,23:46,"	ttyUSB0","	3"
2021/10/29,23:47,"	ttyUSB0","	3"
2021/10/29,23:48,"	ttyUSB0","	3"
2021/10/29,23:49,"	ttyUSB0","	3"
2021/10/29,23:50,"	ttyUSB0","	3"
2021/10/29,23:51,"	ttyUSB0","	3"
2021/10/29,23:52,"	ttyUSB0","	3"
2021/10/29,23:53,"	ttyUSB0","	3"
2021/10/29,23:54,"	ttyUSB0","	3"
2021/10/29,23:55,"	ttyUSB0","	3"
2021/10/29,23:56,"	ttyUSB0","	3"
2021/10/29,23:57,"	ttyUSB0","	3"
2021/10/29,23:58,"	ttyUSB0","	3"
2021/10/29,23:59,"	ttyUSB0","	3"
2021/10/30,0:00,"	ttyUSB0","	3"
2021/10/30,0:01,"	ttyUSB0","	3"
2021/10/30,0:02,"	ttyUSB0","	3"
2021/10/30,0:03,"	ttyUSB0","	3"
2021/10/30,0:04,"	ttyUSB0","	3"
2021/10/30,0:05,"	ttyUSB0","	3"
2021/10/30,0:06,"	ttyUSB0","	3"
2021/10/30,0:07,"	ttyUSB0","	3"
2021/10/30,0:08,"	ttyUSB0","	3"
2021/10/30,0:09,"	ttyUSB0","	3"
2021/10/30,0:10,"	ttyUSB0","	3"
2021/10/30,0:11,"	ttyUSB0","	3"
2021/10/30,0:12,"	ttyUSB0","	3"
2021/10/30,0:13,"	ttyUSB0","	3"
2021/10/30,0:14,"	ttyUSB0","	3"
2021/10/30,0:15,"	ttyUSB0","	3"
2021/10/30,0:16,"	ttyUSB0","	3"
2021/10/30,0:17,"	ttyUSB0","	3"
2021/10/30,0:18,"	ttyUSB0","	3"
2021/10/30,0:19,"	ttyUSB0","	3"
2021/10/30,0:20,"	ttyUSB0","	3"
2021/10/30,0:21,"	ttyUSB0","	3"
2021/10/30,0:22,"	ttyUSB0","	3"
2021/10/30,0:23,"	ttyUSB0","	3"
2021/10/30,0:24,"	ttyUSB0","	3"
2021/10/30,0:25,"	ttyUSB0","	3"
2021/10/30,0:26,"	ttyUSB0","	3"
2021/10/30,0:27,"	ttyUSB0","	3"
2021/10/30,0:28,"	ttyUSB0","	3"
2021/10/30,0:29,"	ttyUSB0","	3"
2021/10/30,0:30,"	ttyUSB0","	3"
2021/10/30,0:31,"	ttyUSB0","	3"
2021/10/30,0:32,"	ttyUSB0","	3"
2021/10/30,0:33,"	ttyUSB0","	3"
2021/10/30,0:34,"	ttyUSB0","	3"
2021/10/30,0:35,"	ttyUSB0","	3"
2021/10/30,0:36,"	ttyUSB0","	3"
2021/10/30,0:37,"	ttyUSB0","	3"
2021/10/30,0:38,"	ttyUSB0","	3"
2021/10/30,0:39,"	ttyUSB0","	3"
2021/10/30,0:40,"	ttyUSB0","	3"
2021/10/30,0:41,"	ttyUSB0","	3"
2021/10/30,0:42,"	ttyUSB0","	3"
2021/10/30,0:43,"	ttyUSB0","	3"
2021/10/30,0:44,"	ttyUSB0","	3"
2021/10/30,0:45,"	ttyUSB0","	3"
2021/10/30,0:46,"	ttyUSB0","	3"
2021/10/30,0:47,"	ttyUSB0","	3"
2021/10/30,0:48,"	ttyUSB0","	3"
2021/10/30,0:49,"	ttyUSB0","	3"
2021/10/30,0:50,"	ttyUSB0","	3"
2021/10/30,0:51,"	ttyUSB0","	3"
2021/10/30,0:52,"	ttyUSB0","	3"
2021/10/30,0:53,"	ttyUSB0","	3"
2021/10/30,0:54,"	ttyUSB0","	3"
2021/10/30,0:55,"	ttyUSB0","	3"
2021/10/30,0:56,"	ttyUSB0","	3"
2021/10/30,0:57,"	ttyUSB0","	3"
2021/10/30,0:58,"	ttyUSB0","	3"
2021/10/30,0:59,"	ttyUSB0","	3"
2021/10/30,1:00,"	ttyUSB0","	3"
2021/10/30,1:01,"	ttyUSB0","	3"
2021/10/30,1:02,"	ttyUSB0","	3"
2021/10/30,1:03,"	ttyUSB0","	3"
2021/10/30,1:04,"	ttyUSB0","	3"
2021/10/30,1:05,"	ttyUSB0","	3"
2021/10/30,1:06,"	ttyUSB0","	3"
2021/10/30,1:07,"	ttyUSB0","	3"
2021/10/30,1:08,"	ttyUSB0","	3"
2021/10/30,1:09,"	ttyUSB0","	3"
2021/10/30,1:10,"	ttyUSB0","	3"
2021/10/30,1:11,"	ttyUSB0","	3"
2021/10/30,1:12,"	ttyUSB0","	3"
2021/10/30,1:13,"	ttyUSB0","	3"
2021/10/30,1:14,"	ttyUSB0","	3"
2021/10/30,1:15,"	ttyUSB0","	3"
2021/10/30,1:16,"	ttyUSB0","	3"
2021/10/30,1:17,"	ttyUSB0","	3"
2021/10/30,1:18,"	ttyUSB0","	3"
2021/10/30,1:19,"	ttyUSB0","	3"
2021/10/30,1:20,"	ttyUSB0","	3"
2021/10/30,1:21,"	ttyUSB0","	3"
2021/10/30,1:22,"	ttyUSB0","	3"
2021/10/30,1:23,"	ttyUSB0","	3"
2021/10/30,1:24,"	ttyUSB0","	3"
2021/10/30,1:25,"	ttyUSB0","	3"
2021/10/30,1:26,"	ttyUSB0","	3"
2021/10/30,1:27,"	ttyUSB0","	3"
2021/10/30,1:28,"	ttyUSB0","	3"
2021/10/30,1:29,"	ttyUSB0","	3"
2021/10/30,1:30,"	ttyUSB0","	3"
2021/10/30,1:31,"	ttyUSB0","	3"
2021/10/30,1:32,"	ttyUSB0","	3"
2021/10/30,1:33,"	ttyUSB0","	3"
2021/10/30,1:34,"	ttyUSB0","	3"
2021/10/30,1:35,"	ttyUSB0","	3"
2021/10/30,1:36,"	ttyUSB0","	3"
2021/10/30,1:37,"	ttyUSB0","	3"
2021/10/30,1:38,"	ttyUSB0","	3"
2021/10/30,1:39,"	ttyUSB0","	3"
2021/10/30,1:40,"	ttyUSB0","	3"
2021/10/30,1:41,"	ttyUSB0","	3"
2021/10/30,1:42,"	ttyUSB0","	3"
2021/10/30,1:43,"	ttyUSB0","	3"
2021/10/30,1:44,"	ttyUSB0","	3"
2021/10/30,1:45,"	ttyUSB0","	3"
2021/10/30,1:46,"	ttyUSB0","	3"
2021/10/30,1:47,"	ttyUSB0","	3"
2021/10/30,1:48,"	ttyUSB0","	3"
2021/10/30,1:49,"	ttyUSB0","	3"
2021/10/30,1:50,"	ttyUSB0","	3"
2021/10/30,1:51,"	ttyUSB0","	3"
2021/10/30,1:52,"	ttyUSB0","	3"
2021/10/30,1:53,"	ttyUSB0","	3"
2021/10/30,1:54,"	ttyUSB0","	3"
2021/10/30,1:55,"	ttyUSB0","	3"
2021/10/30,1:56,"	ttyUSB0","	3"
2021/10/30,1:57,"	ttyUSB0","	3"
2021/10/30,1:58,"	ttyUSB0","	3"
2021/10/30,1:59,"	ttyUSB0","	3"
2021/10/30,2:00,"	ttyUSB0","	3"
2021/10/30,2:01,"	ttyUSB0","	3"
2021/10/30,2:02,"	ttyUSB0","	3"
2021/10/30,2:03,"	ttyUSB0","	3"
2021/10/30,2:04,"	ttyUSB0","	3"
2021/10/30,2:05,"	ttyUSB0","	3"
2021/10/30,2:06,"	ttyUSB0","	3"
2021/10/30,2:07,"	ttyUSB0","	3"
2021/10/30,2:08,"	ttyUSB0","	3"
2021/10/30,2:09,"	ttyUSB0","	3"
2021/10/30,2:10,"	ttyUSB0","	3"
2021/10/30,2:11,"	ttyUSB0","	3"
2021/10/30,2:12,"	ttyUSB0","	3"
2021/10/30,2:13,"	ttyUSB0","	3"
2021/10/30,2:14,"	ttyUSB0","	3"
2021/10/30,2:15,"	ttyUSB0","	3"
2021/10/30,2:16,"	ttyUSB0","	3"
2021/10/30,2:17,"	ttyUSB0","	3"
2021/10/30,2:18,"	ttyUSB0","	3"
2021/10/30,2:19,"	ttyUSB0","	3"
2021/10/30,2:20,"	ttyUSB0","	3"
2021/10/30,2:21,"	ttyUSB0","	3"
2021/10/30,2:22,"	ttyUSB0","	3"
2021/10/30,2:23,"	ttyUSB0","	3"
2021/10/30,2:24,"	ttyUSB0","	3"
2021/10/30,2:25,"	ttyUSB0","	3"
2021/10/30,2:26,"	ttyUSB0","	3"
2021/10/30,2:27,"	ttyUSB0","	3"
2021/10/30,2:28,"	ttyUSB0","	3"
2021/10/30,2:29,"	ttyUSB0","	3"
2021/10/30,2:30,"	ttyUSB0","	3"
2021/10/30,2:31,"	ttyUSB0","	3"
2021/10/30,2:32,"	ttyUSB0","	3"
2021/10/30,2:33,"	ttyUSB0","	3"
2021/10/30,2:34,"	ttyUSB0","	3"
2021/10/30,2:35,"	ttyUSB0","	3"
2021/10/30,2:36,"	ttyUSB0","	3"
2021/10/30,2:37,"	ttyUSB0","	3"
2021/10/30,2:38,"	ttyUSB0","	3"
2021/10/30,2:39,"	ttyUSB0","	3"
2021/10/30,2:40,"	ttyUSB0","	3"
2021/10/30,2:41,"	ttyUSB0","	3"
2021/10/30,2:42,"	ttyUSB0","	3"
2021/10/30,2:43,"	ttyUSB0","	3"
2021/10/30,2:44,"	ttyUSB0","	3"
2021/10/30,2:45,"	ttyUSB0","	3"
2021/10/30,2:46,"	ttyUSB0","	3"
2021/10/30,2:47,"	ttyUSB0","	3"
2021/10/30,2:48,"	ttyUSB0","	3"
2021/10/30,2:49,"	ttyUSB0","	3"
2021/10/30,2:50,"	ttyUSB0","	3"
2021/10/30,2:51,"	ttyUSB0","	3"
2021/10/30,2:52,"	ttyUSB0","	3"
2021/10/30,2:53,"	ttyUSB0","	3"
2021/10/30,2:54,"	ttyUSB0","	3"
2021/10/30,2:55,"	ttyUSB0","	3"
2021/10/30,2:56,"	ttyUSB0","	3"
2021/10/30,2:57,"	ttyUSB0","	3"
2021/10/30,2:58,"	ttyUSB0","	3"
2021/10/30,2:59,"	ttyUSB0","	3"
2021/10/30,3:00,"	ttyUSB0","	3"
2021/10/30,3:01,"	ttyUSB0","	3"
2021/10/30,3:02,"	ttyUSB0","	3"
2021/10/30,3:03,"	ttyUSB0","	3"
2021/10/30,3:04,"	ttyUSB0","	3"
2021/10/30,3:05,"	ttyUSB0","	3"
2021/10/30,3:06,"	ttyUSB0","	3"
2021/10/30,3:07,"	ttyUSB0","	3"
2021/10/30,3:08,"	ttyUSB0","	3"
2021/10/30,3:09,"	ttyUSB0","	3"
2021/10/30,3:10,"	ttyUSB0","	3"
2021/10/30,3:11,"	ttyUSB0","	3"
2021/10/30,3:12,"	ttyUSB0","	3"
2021/10/30,3:13,"	ttyUSB0","	3"
2021/10/30,3:14,"	ttyUSB0","	3"
2021/10/30,3:15,"	ttyUSB0","	3"
2021/10/30,3:16,"	ttyUSB0","	3"
2021/10/30,3:17,"	ttyUSB0","	3"
2021/10/30,3:18,"	ttyUSB0","	3"
2021/10/30,3:19,"	ttyUSB0","	3"
2021/10/30,3:20,"	ttyUSB0","	3"
2021/10/30,3:21,"	ttyUSB0","	3"
2021/10/30,3:22,"	ttyUSB0","	3"
2021/10/30,3:23,"	ttyUSB0","	3"
2021/10/30,3:24,"	ttyUSB0","	3"
2021/10/30,3:25,"	ttyUSB0","	3"
2021/10/30,3:26,"	ttyUSB0","	3"
2021/10/30,3:27,"	ttyUSB0","	3"
2021/10/30,3:28,"	ttyUSB0","	3"
2021/10/30,3:29,"	ttyUSB0","	3"
2021/10/30,3:30,"	ttyUSB0","	3"
2021/10/30,3:31,"	ttyUSB0","	3"
2021/10/30,3:32,"	ttyUSB0","	3"
2021/10/30,3:33,"	ttyUSB0","	3"
2021/10/30,3:34,"	ttyUSB0","	3"
2021/10/30,3:35,"	ttyUSB0","	3"
2021/10/30,3:36,"	ttyUSB0","	3"
2021/10/30,3:37,"	ttyUSB0","	3"
2021/10/30,3:38,"	ttyUSB0","	3"
2021/10/30,3:39,"	ttyUSB0","	3"
2021/10/30,3:40,"	ttyUSB0","	3"
2021/10/30,3:41,"	ttyUSB0","	3"
2021/10/30,3:42,"	ttyUSB0","	3"
2021/10/30,3:43,"	ttyUSB0","	3"
2021/10/30,3:44,"	ttyUSB0","	3"
2021/10/30,3:45,"	ttyUSB0","	3"
2021/10/30,3:46,"	ttyUSB0","	3"
2021/10/30,3:47,"	ttyUSB0","	3"
2021/10/30,3:48,"	ttyUSB0","	3"
2021/10/30,3:49,"	ttyUSB0","	3"
2021/10/30,3:50,"	ttyUSB0","	3"
2021/10/30,3:51,"	ttyUSB0","	3"
2021/10/30,3:52,"	ttyUSB0","	3"
2021/10/30,3:53,"	ttyUSB0","	3"
2021/10/30,3:54,"	ttyUSB0","	3"
2021/10/30,3:55,"	ttyUSB0","	3"
2021/10/30,3:56,"	ttyUSB0","	3"
2021/10/30,3:57,"	ttyUSB0","	3"
2021/10/30,3:58,"	ttyUSB0","	3"
2021/10/30,3:59,"	ttyUSB0","	3"
2021/10/30,4:00,"	ttyUSB0","	3"
2021/10/30,4:01,"	ttyUSB0","	3"
2021/10/30,4:02,"	ttyUSB0","	3"
2021/10/30,4:03,"	ttyUSB0","	3"
2021/10/30,4:04,"	ttyUSB0","	3"
2021/10/30,4:05,"	ttyUSB0","	3"
2021/10/30,4:06,"	ttyUSB0","	3"
2021/10/30,4:07,"	ttyUSB0","	3"
2021/10/30,4:08,"	ttyUSB0","	3"
2021/10/30,4:09,"	ttyUSB0","	3"
2021/10/30,4:10,"	ttyUSB0","	3"
2021/10/30,4:11,"	ttyUSB0","	3"
2021/10/30,4:12,"	ttyUSB0","	3"
2021/10/30,4:13,"	ttyUSB0","	3"
2021/10/30,4:14,"	ttyUSB0","	3"
2021/10/30,4:15,"	ttyUSB0","	3"
2021/10/30,4:16,"	ttyUSB0","	3"
2021/10/30,4:17,"	ttyUSB0","	3"
2021/10/30,4:18,"	ttyUSB0","	3"
2021/10/30,4:19,"	ttyUSB0","	3"
2021/10/30,4:20,"	ttyUSB0","	3"
2021/10/30,4:21,"	ttyUSB0","	3"
2021/10/30,4:22,"	ttyUSB0","	3"
2021/10/30,4:23,"	ttyUSB0","	3"
2021/10/30,4:24,"	ttyUSB0","	3"
2021/10/30,4:25,"	ttyUSB0","	3"
2021/10/30,4:26,"	ttyUSB0","	3"
2021/10/30,4:27,"	ttyUSB0","	3"
2021/10/30,4:28,"	ttyUSB0","	3"
2021/10/30,4:29,"	ttyUSB0","	3"
2021/10/30,4:30,"	ttyUSB0","	3"
2021/10/30,4:31,"	ttyUSB0","	3"
2021/10/30,4:32,"	ttyUSB0","	3"
2021/10/30,4:33,"	ttyUSB0","	3"
2021/10/30,4:34,"	ttyUSB0","	3"
2021/10/30,4:35,"	ttyUSB0","	3"
2021/10/30,4:36,"	ttyUSB0","	3"
2021/10/30,4:37,"	ttyUSB0","	3"
2021/10/30,4:38,"	ttyUSB0","	3"
2021/10/30,4:39,"	ttyUSB0","	3"
2021/10/30,4:40,"	ttyUSB0","	3"
2021/10/30,4:41,"	ttyUSB0","	3"
2021/10/30,4:42,"	ttyUSB0","	3"
2021/10/30,4:43,"	ttyUSB0","	3"
2021/10/30,4:44,"	ttyUSB0","	3"
2021/10/30,4:45,"	ttyUSB0","	3"
2021/10/30,4:46,"	ttyUSB0","	3"
2021/10/30,4:47,"	ttyUSB0","	3"
2021/10/30,4:48,"	ttyUSB0","	3"
2021/10/30,4:49,"	ttyUSB0","	3"
2021/10/30,4:50,"	ttyUSB0","	3"
2021/10/30,4:51,"	ttyUSB0","	3"
2021/10/30,4:52,"	ttyUSB0","	3"
2021/10/30,4:53,"	ttyUSB0","	3"
2021/10/30,4:54,"	ttyUSB0","	3"
2021/10/30,4:55,"	ttyUSB0","	3"
2021/10/30,4:56,"	ttyUSB0","	3"
2021/10/30,4:57,"	ttyUSB0","	3"
2021/10/30,4:58,"	ttyUSB0","	3"
2021/10/30,4:59,"	ttyUSB0","	3"
2021/10/30,5:00,"	ttyUSB0","	3"
2021/10/30,5:01,"	ttyUSB0","	3"
2021/10/30,5:02,"	ttyUSB0","	3"
2021/10/30,5:03,"	ttyUSB0","	3"
2021/10/30,5:04,"	ttyUSB0","	3"
2021/10/30,5:05,"	ttyUSB0","	3"
2021/10/30,5:06,"	ttyUSB0","	3"
2021/10/30,5:07,"	ttyUSB0","	3"
2021/10/30,5:08,"	ttyUSB0","	3"
2021/10/30,5:09,"	ttyUSB0","	3"
2021/10/30,5:10,"	ttyUSB0","	3"
2021/10/30,5:11,"	ttyUSB0","	3"
2021/10/30,5:12,"	ttyUSB0","	3"
2021/10/30,5:13,"	ttyUSB0","	3"
2021/10/30,5:14,"	ttyUSB0","	3"
2021/10/30,5:15,"	ttyUSB0","	3"
2021/10/30,5:16,"	ttyUSB0","	3"
2021/10/30,5:17,"	ttyUSB0","	3"
2021/10/30,5:18,"	ttyUSB0","	3"
2021/10/30,5:19,"	ttyUSB0","	3"
2021/10/30,5:20,"	ttyUSB0","	3"
2021/10/30,5:21,"	ttyUSB0","	3"
2021/10/30,5:22,"	ttyUSB0","	3"
2021/10/30,5:23,"	ttyUSB0","	3"
2021/10/30,5:24,"	ttyUSB0","	3"
2021/10/30,5:25,"	ttyUSB0","	3"
2021/10/30,5:26,"	ttyUSB0","	3"
2021/10/30,5:27,"	ttyUSB0","	3"
2021/10/30,5:28,"	ttyUSB0","	3"
2021/10/30,5:29,"	ttyUSB0","	3"
2021/10/30,5:30,"	ttyUSB0","	3"
2021/10/30,5:31,"	ttyUSB0","	3"
2021/10/30,5:32,"	ttyUSB0","	3"
2021/10/30,5:33,"	ttyUSB0","	3"
2021/10/30,5:34,"	ttyUSB0","	3"
2021/10/30,5:35,"	ttyUSB0","	3"
2021/10/30,5:36,"	ttyUSB0","	3"
2021/10/30,5:37,"	ttyUSB0","	3"
2021/10/30,5:38,"	ttyUSB0","	3"
2021/10/30,5:39,"	ttyUSB0","	3"
2021/10/30,5:40,"	ttyUSB0","	3"
2021/10/30,5:41,"	ttyUSB0","	3"
2021/10/30,5:42,"	ttyUSB0","	3"
2021/10/30,5:43,"	ttyUSB0","	3"
2021/10/30,5:44,"	ttyUSB0","	3"
2021/10/30,5:45,"	ttyUSB0","	3"
2021/10/30,5:46,"	ttyUSB0","	3"
2021/10/30,5:47,"	ttyUSB0","	3"
2021/10/30,5:48,"	ttyUSB0","	3"
2021/10/30,5:49,"	ttyUSB0","	3"
2021/10/30,5:50,"	ttyUSB0","	3"
2021/10/30,5:51,"	ttyUSB0","	3"
2021/10/30,5:52,"	ttyUSB0","	3"
2021/10/30,5:53,"	ttyUSB0","	3"
2021/10/30,5:54,"	ttyUSB0","	3"
2021/10/30,5:55,"	ttyUSB0","	3"
2021/10/30,5:56,"	ttyUSB0","	3"
2021/10/30,5:57,"	ttyUSB0","	3"
2021/10/30,5:58,"	ttyUSB0","	3"
2021/10/30,5:59,"	ttyUSB0","	3"
2021/10/30,6:00,"	ttyUSB0","	3"
2021/10/30,6:01,"	ttyUSB0","	3"
2021/10/30,6:02,"	ttyUSB0","	3"
2021/10/30,6:03,"	ttyUSB0","	3"
2021/10/30,6:04,"	ttyUSB0","	3"
2021/10/30,6:05,"	ttyUSB0","	3"
2021/10/30,6:06,"	ttyUSB0","	3"
2021/10/30,6:07,"	ttyUSB0","	3"
2021/10/30,6:08,"	ttyUSB0","	3"
2021/10/30,6:09,"	ttyUSB0","	3"
2021/10/30,6:10,"	ttyUSB0","	3"
2021/10/30,6:11,"	ttyUSB0","	3"
2021/10/30,6:12,"	ttyUSB0","	3"
2021/10/30,6:13,"	ttyUSB0","	3"
2021/10/30,6:14,"	ttyUSB0","	3"
2021/10/30,6:15,"	ttyUSB0","	3"
2021/10/30,6:16,"	ttyUSB0","	3"
2021/10/30,6:17,"	ttyUSB0","	3"
2021/10/30,6:18,"	ttyUSB0","	3"
2021/10/30,6:19,"	ttyUSB0","	3"
2021/10/30,6:20,"	ttyUSB0","	3"
2021/10/30,6:21,"	ttyUSB0","	3"
2021/10/30,6:22,"	ttyUSB0","	3"
2021/10/30,6:23,"	ttyUSB0","	3"
2021/10/30,6:24,"	ttyUSB0","	3"
2021/10/30,6:25,"	ttyUSB0","	3"
2021/10/30,6:26,"	ttyUSB0","	3"
2021/10/30,6:27,"	ttyUSB0","	3"
2021/10/30,6:28,"	ttyUSB0","	3"
2021/10/30,6:29,"	ttyUSB0","	3"
2021/10/30,6:30,"	ttyUSB0","	4"
2021/10/30,6:31,"	ttyUSB0","	3"
2021/10/30,6:32,"	ttyUSB0","	3"
2021/10/30,6:33,"	ttyUSB0","	3"
2021/10/30,6:34,"	ttyUSB0","	3"
2021/10/30,6:35,"	ttyUSB0","	4"
2021/10/30,6:36,"	ttyUSB0","	4"
2021/10/30,6:37,"	ttyUSB0","	4"
2021/10/30,6:38,"	ttyUSB0","	4"
2021/10/30,6:39,"	ttyUSB0","	4"
2021/10/30,6:40,"	ttyUSB0","	4"
2021/10/30,6:41,"	ttyUSB0","	3"
2021/10/30,6:42,"	ttyUSB0","	4"
2021/10/30,6:43,"	ttyUSB0","	4"
2021/10/30,6:44,"	ttyUSB0","	4"
2021/10/30,6:45,"	ttyUSB0","	3"
2021/10/30,6:46,"	ttyUSB0","	3"
2021/10/30,6:47,"	ttyUSB0","	3"
2021/10/30,6:48,"	ttyUSB0","	4"
2021/10/30,6:49,"	ttyUSB0","	4"
2021/10/30,6:50,"	ttyUSB0","	4"
2021/10/30,6:51,"	ttyUSB0","	4"
2021/10/30,6:52,"	ttyUSB0","	3"
2021/10/30,6:53,"	ttyUSB0","	3"
2021/10/30,6:54,"	ttyUSB0","	4"
2021/10/30,6:55,"	ttyUSB0","	3"
2021/10/30,6:56,"	ttyUSB0","	4"
2021/10/30,6:57,"	ttyUSB0","	4"
2021/10/30,6:58,"	ttyUSB0","	4"
2021/10/30,6:59,"	ttyUSB0","	4"
2021/10/30,7:00,"	ttyUSB0","	3"
2021/10/30,7:01,"	ttyUSB0","	3"
2021/10/30,7:02,"	ttyUSB0","	3"
2021/10/30,7:03,"	ttyUSB0","	3"
2021/10/30,7:04,"	ttyUSB0","	3"
2021/10/30,7:05,"	ttyUSB0","	3"
2021/10/30,7:06,"	ttyUSB0","	3"
2021/10/30,7:07,"	ttyUSB0","	3"
2021/10/30,7:08,"	ttyUSB0","	3"
2021/10/30,7:09,"	ttyUSB0","	3"
2021/10/30,7:10,"	ttyUSB0","	3"
2021/10/30,7:11,"	ttyUSB0","	3"
2021/10/30,7:12,"	ttyUSB0","	3"
2021/10/30,7:13,"	ttyUSB0","	3"
2021/10/30,7:14,"	ttyUSB0","	3"
2021/10/30,7:15,"	ttyUSB0","	3"
2021/10/30,7:16,"	ttyUSB0","	3"
2021/10/30,7:17,"	ttyUSB0","	3"
2021/10/30,7:18,"	ttyUSB0","	3"
2021/10/30,7:19,"	ttyUSB0","	3"
2021/10/30,7:20,"	ttyUSB0","	3"
2021/10/30,7:21,"	ttyUSB0","	3"
2021/10/30,7:22,"	ttyUSB0","	3"
2021/10/30,7:23,"	ttyUSB0","	3"
2021/10/30,7:24,"	ttyUSB0","	3"
2021/10/30,7:25,"	ttyUSB0","	3"
2021/10/30,7:26,"	ttyUSB0","	3"
2021/10/30,7:27,"	ttyUSB0","	4"
2021/10/30,7:28,"	ttyUSB0","	3"
2021/10/30,7:29,"	ttyUSB0","	3"
2021/10/30,7:30,"	ttyUSB0","	3"
2021/10/30,7:31,"	ttyUSB0","	3"
2021/10/30,7:32,"	ttyUSB0","	3"
2021/10/30,7:33,"	ttyUSB0","	3"
2021/10/30,7:34,"	ttyUSB0","	3"
2021/10/30,7:35,"	ttyUSB0","	4"
2021/10/30,7:36,"	ttyUSB0","	4"
2021/10/30,7:37,"	ttyUSB0","	4"
2021/10/30,7:38,"	ttyUSB0","	3"
2021/10/30,7:39,"	ttyUSB0","	3"
2021/10/30,7:40,"	ttyUSB0","	3"
2021/10/30,7:41,"	ttyUSB0","	3"
2021/10/30,7:42,"	ttyUSB0","	3"
2021/10/30,7:43,"	ttyUSB0","	4"
2021/10/30,7:44,"	ttyUSB0","	3"
2021/10/30,7:45,"	ttyUSB0","	3"
2021/10/30,7:46,"	ttyUSB0","	3"
2021/10/30,7:47,"	ttyUSB0","	3"
2021/10/30,7:48,"	ttyUSB0","	3"
2021/10/30,7:49,"	ttyUSB0","	3"
2021/10/30,7:50,"	ttyUSB0","	3"
2021/10/30,7:51,"	ttyUSB0","	3"
2021/10/30,7:52,"	ttyUSB0","	3"
2021/10/30,7:53,"	ttyUSB0","	3"
2021/10/30,7:54,"	ttyUSB0","	3"
2021/10/30,7:55,"	ttyUSB0","	3"
2021/10/30,7:56,"	ttyUSB0","	4"
2021/10/30,7:57,"	ttyUSB0","	4"
2021/10/30,7:58,"	ttyUSB0","	4"
2021/10/30,7:59,"	ttyUSB0","	4"
2021/10/30,8:00,"	ttyUSB0","	3"
2021/10/30,8:01,"	ttyUSB0","	3"
2021/10/30,8:02,"	ttyUSB0","	3"
2021/10/30,8:03,"	ttyUSB0","	3"
2021/10/30,8:04,"	ttyUSB0","	3"
2021/10/30,8:05,"	ttyUSB0","	4"
2021/10/30,8:06,"	ttyUSB0","	4"
2021/10/30,8:07,"	ttyUSB0","	3"
2021/10/30,8:08,"	ttyUSB0","	3"
2021/10/30,8:09,"	ttyUSB0","	3"
2021/10/30,8:10,"	ttyUSB0","	3"
2021/10/30,8:11,"	ttyUSB0","	3"
2021/10/30,8:12,"	ttyUSB0","	3"
2021/10/30,8:13,"	ttyUSB0","	3"
2021/10/30,8:14,"	ttyUSB0","	3"
2021/10/30,8:15,"	ttyUSB0","	3"
2021/10/30,8:16,"	ttyUSB0","	3"
2021/10/30,8:17,"	ttyUSB0","	3"
2021/10/30,8:18,"	ttyUSB0","	3"
2021/10/30,8:19,"	ttyUSB0","	3"
2021/10/30,8:20,"	ttyUSB0","	3"
2021/10/30,8:21,"	ttyUSB0","	3"
2021/10/30,8:22,"	ttyUSB0","	4"
2021/10/30,8:23,"	ttyUSB0","	4"
2021/10/30,8:24,"	ttyUSB0","	3"
2021/10/30,8:25,"	ttyUSB0","	3"
2021/10/30,8:26,"	ttyUSB0","	4"
2021/10/30,8:27,"	ttyUSB0","	3"
2021/10/30,8:28,"	ttyUSB0","	4"
2021/10/30,8:29,"	ttyUSB0","	4"
2021/10/30,8:30,"	ttyUSB0","	4"
2021/10/30,8:31,"	ttyUSB0","	3"
2021/10/30,8:32,"	ttyUSB0","	3"
2021/10/30,8:33,"	ttyUSB0","	3"
2021/10/30,8:34,"	ttyUSB0","	3"
2021/10/30,8:35,"	ttyUSB0","	3"
2021/10/30,8:36,"	ttyUSB0","	3"
2021/10/30,8:37,"	ttyUSB0","	3"
2021/10/30,8:38,"	ttyUSB0","	3"
2021/10/30,8:39,"	ttyUSB0","	3"
2021/10/30,8:40,"	ttyUSB0","	3"
2021/10/30,8:41,"	ttyUSB0","	3"
2021/10/30,8:42,"	ttyUSB0","	3"
2021/10/30,8:43,"	ttyUSB0","	3"
2021/10/30,8:44,"	ttyUSB0","	3"
2021/10/30,8:45,"	ttyUSB0","	3"
2021/10/30,8:46,"	ttyUSB0","	3"
2021/10/30,8:47,"	ttyUSB0","	3"
2021/10/30,8:48,"	ttyUSB0","	3"
2021/10/30,8:49,"	ttyUSB0","	3"
2021/10/30,8:50,"	ttyUSB0","	3"
2021/10/30,8:51,"	ttyUSB0","	4"
2021/10/30,8:52,"	ttyUSB0","	3"
2021/10/30,8:53,"	ttyUSB0","	3"
2021/10/30,8:54,"	ttyUSB0","	3"
2021/10/30,8:55,"	ttyUSB0","	3"
2021/10/30,8:56,"	ttyUSB0","	3"
2021/10/30,8:57,"	ttyUSB0","	4"
2021/10/30,8:58,"	ttyUSB0","	3"
2021/10/30,8:59,"	ttyUSB0","	3"
2021/10/30,9:00,"	ttyUSB0","	3"
2021/10/30,9:01,"	ttyUSB0","	3"
2021/10/30,9:02,"	ttyUSB0","	3"
2021/10/30,9:03,"	ttyUSB0","	3"
2021/10/30,9:04,"	ttyUSB0","	3"
2021/10/30,9:05,"	ttyUSB0","	3"
2021/10/30,9:06,"	ttyUSB0","	3"
2021/10/30,9:07,"	ttyUSB0","	3"
2021/10/30,9:08,"	ttyUSB0","	3"
2021/10/30,9:09,"	ttyUSB0","	3"
2021/10/30,9:10,"	ttyUSB0","	3"
2021/10/30,9:11,"	ttyUSB0","	3"
2021/10/30,9:12,"	ttyUSB0","	3"
2021/10/30,9:13,"	ttyUSB0","	3"
2021/10/30,9:14,"	ttyUSB0","	3"
2021/10/30,9:15,"	ttyUSB0","	3"
2021/10/30,9:16,"	ttyUSB0","	3"
2021/10/30,9:17,"	ttyUSB0","	3"
2021/10/30,9:18,"	ttyUSB0","	3"
2021/10/30,9:19,"	ttyUSB0","	3"
2021/10/30,9:20,"	ttyUSB0","	3"
2021/10/30,9:21,"	ttyUSB0","	3"
2021/10/30,9:22,"	ttyUSB0","	3"
2021/10/30,9:23,"	ttyUSB0","	3"
2021/10/30,9:24,"	ttyUSB0","	3"
2021/10/30,9:25,"	ttyUSB0","	3"
2021/10/30,9:26,"	ttyUSB0","	3"
2021/10/30,9:27,"	ttyUSB0","	3"
2021/10/30,9:28,"	ttyUSB0","	3"
2021/10/30,9:29,"	ttyUSB0","	3"
2021/10/30,9:30,"	ttyUSB0","	3"
2021/10/30,9:31,"	ttyUSB0","	3"
2021/10/30,9:32,"	ttyUSB0","	3"
2021/10/30,9:33,"	ttyUSB0","	3"
2021/10/30,9:34,"	ttyUSB0","	3"
2021/10/30,9:35,"	ttyUSB0","	3"
2021/10/30,9:36,"	ttyUSB0","	3"
2021/10/30,9:37,"	ttyUSB0","	3"
2021/10/30,9:38,"	ttyUSB0","	3"
2021/10/30,9:39,"	ttyUSB0","	3"
2021/10/30,9:40,"	ttyUSB0","	3"
2021/10/30,9:41,"	ttyUSB0","	3"
2021/10/30,9:42,"	ttyUSB0","	3"
2021/10/30,9:43,"	ttyUSB0","	4"
2021/10/30,9:44,"	ttyUSB0","	3"
2021/10/30,9:45,"	ttyUSB0","	3"
2021/10/30,9:46,"	ttyUSB0","	3"
2021/10/30,9:47,"	ttyUSB0","	3"
2021/10/30,9:48,"	ttyUSB0","	3"
2021/10/30,9:49,"	ttyUSB0","	4"
2021/10/30,9:50,"	ttyUSB0","	4"
2021/10/30,9:51,"	ttyUSB0","	3"
2021/10/30,9:52,"	ttyUSB0","	3"
2021/10/30,9:53,"	ttyUSB0","	3"
2021/10/30,9:54,"	ttyUSB0","	3"
2021/10/30,9:55,"	ttyUSB0","	3"
2021/10/30,9:56,"	ttyUSB0","	3"
2021/10/30,9:57,"	ttyUSB0","	3"
2021/10/30,9:58,"	ttyUSB0","	4"
2021/10/30,9:59,"	ttyUSB0","	3"
2021/10/30,10:00,"	ttyUSB0","	3"
2021/10/30,10:01,"	ttyUSB0","	3"
2021/10/30,10:02,"	ttyUSB0","	3"
2021/10/30,10:03,"	ttyUSB0","	3"
2021/10/30,10:04,"	ttyUSB0","	3"
2021/10/30,10:05,"	ttyUSB0","	3"
2021/10/30,10:06,"	ttyUSB0","	3"
2021/10/30,10:07,"	ttyUSB0","	4"
2021/10/30,10:08,"	ttyUSB0","	4"
2021/10/30,10:09,"	ttyUSB0","	3"
2021/10/30,10:10,"	ttyUSB0","	3"
2021/10/30,10:11,"	ttyUSB0","	4"
2021/10/30,10:12,"	ttyUSB0","	3"
2021/10/30,10:13,"	ttyUSB0","	3"
2021/10/30,10:14,"	ttyUSB0","	3"
2021/10/30,10:15,"	ttyUSB0","	3"
2021/10/30,10:16,"	ttyUSB0","	3"
2021/10/30,10:17,"	ttyUSB0","	3"
2021/10/30,10:18,"	ttyUSB0","	3"
2021/10/30,10:19,"	ttyUSB0","	3"
2021/10/30,10:20,"	ttyUSB0","	3"
2021/10/30,10:21,"	ttyUSB0","	3"
2021/10/30,10:22,"	ttyUSB0","	3"
2021/10/30,10:23,"	ttyUSB0","	4"
2021/10/30,10:24,"	ttyUSB0","	4"
2021/10/30,10:25,"	ttyUSB0","	3"
2021/10/30,10:26,"	ttyUSB0","	3"
2021/10/30,10:27,"	ttyUSB0","	3"
2021/10/30,10:28,"	ttyUSB0","	3"
2021/10/30,10:29,"	ttyUSB0","	4"
2021/10/30,10:30,"	ttyUSB0","	4"
2021/10/30,10:31,"	ttyUSB0","	3"
2021/10/30,10:32,"	ttyUSB0","	3"
2021/10/30,10:33,"	ttyUSB0","	3"
2021/10/30,10:34,"	ttyUSB0","	4"
2021/10/30,10:35,"	ttyUSB0","	3"
2021/10/30,10:36,"	ttyUSB0","	3"
2021/10/30,10:37,"	ttyUSB0","	3"
2021/10/30,10:38,"	ttyUSB0","	3"
2021/10/30,10:39,"	ttyUSB0","	3"
2021/10/30,10:40,"	ttyUSB0","	3"
2021/10/30,10:41,"	ttyUSB0","	4"
2021/10/30,10:42,"	ttyUSB0","	4"
2021/10/30,10:43,"	ttyUSB0","	3"
2021/10/30,10:44,"	ttyUSB0","	3"
2021/10/30,10:45,"	ttyUSB0","	3"
2021/10/30,10:46,"	ttyUSB0","	3"
2021/10/30,10:47,"	ttyUSB0","	3"
2021/10/30,10:48,"	ttyUSB0","	3"
2021/10/30,10:49,"	ttyUSB0","	3"
2021/10/30,10:50,"	ttyUSB0","	3"
2021/10/30,10:51,"	ttyUSB0","	4"
2021/10/30,10:52,"	ttyUSB0","	4"
2021/10/30,10:53,"	ttyUSB0","	4"
2021/10/30,10:54,"	ttyUSB0","	3"
2021/10/30,10:55,"	ttyUSB0","	3"
2021/10/30,10:56,"	ttyUSB0","	3"
2021/10/30,10:57,"	ttyUSB0","	3"
2021/10/30,10:58,"	ttyUSB0","	3"
2021/10/30,10:59,"	ttyUSB0","	3"
2021/10/30,11:00,"	ttyUSB0","	3"
2021/10/30,11:01,"	ttyUSB0","	3"
2021/10/30,11:02,"	ttyUSB0","	3"
2021/10/30,11:03,"	ttyUSB0","	3"
2021/10/30,11:04,"	ttyUSB0","	3"
2021/10/30,11:05,"	ttyUSB0","	3"
2021/10/30,11:06,"	ttyUSB0","	3"
2021/10/30,11:07,"	ttyUSB0","	3"
2021/10/30,11:08,"	ttyUSB0","	3"
2021/10/30,11:09,"	ttyUSB0","	4"
2021/10/30,11:10,"	ttyUSB0","	4"
2021/10/30,11:11,"	ttyUSB0","	3"
2021/10/30,11:12,"	ttyUSB0","	3"
2021/10/30,11:13,"	ttyUSB0","	3"
2021/10/30,11:14,"	ttyUSB0","	4"
2021/10/30,11:15,"	ttyUSB0","	3"
2021/10/30,11:16,"	ttyUSB0","	3"
2021/10/30,11:17,"	ttyUSB0","	3"
2021/10/30,11:18,"	ttyUSB0","	3"
2021/10/30,11:19,"	ttyUSB0","	3"
2021/10/30,11:20,"	ttyUSB0","	3"
2021/10/30,11:21,"	ttyUSB0","	3"
2021/10/30,11:22,"	ttyUSB0","	4"
2021/10/30,11:23,"	ttyUSB0","	3"
2021/10/30,11:24,"	ttyUSB0","	3"
2021/10/30,11:25,"	ttyUSB0","	3"
2021/10/30,11:26,"	ttyUSB0","	3"
2021/10/30,11:27,"	ttyUSB0","	3"
2021/10/30,11:28,"	ttyUSB0","	4"
2021/10/30,11:29,"	ttyUSB0","	4"
2021/10/30,11:30,"	ttyUSB0","	3"
2021/10/30,11:31,"	ttyUSB0","	3"
2021/10/30,11:32,"	ttyUSB0","	3"
2021/10/30,11:33,"	ttyUSB0","	3"
2021/10/30,11:34,"	ttyUSB0","	4"
2021/10/30,11:35,"	ttyUSB0","	4"
2021/10/30,11:36,"	ttyUSB0","	3"
2021/10/30,11:37,"	ttyUSB0","	3"
2021/10/30,11:38,"	ttyUSB0","	3"
2021/10/30,11:39,"	ttyUSB0","	3"
2021/10/30,11:40,"	ttyUSB0","	3"
2021/10/30,11:41,"	ttyUSB0","	3"
2021/10/30,11:42,"	ttyUSB0","	3"
2021/10/30,11:43,"	ttyUSB0","	3"
2021/10/30,11:44,"	ttyUSB0","	4"
2021/10/30,11:45,"	ttyUSB0","	3"
2021/10/30,11:46,"	ttyUSB0","	3"
2021/10/30,11:47,"	ttyUSB0","	3"
2021/10/30,11:48,"	ttyUSB0","	3"
2021/10/30,11:49,"	ttyUSB0","	3"
2021/10/30,11:50,"	ttyUSB0","	3"
2021/10/30,11:51,"	ttyUSB0","	4"
2021/10/30,11:52,"	ttyUSB0","	3"
2021/10/30,11:53,"	ttyUSB0","	3"
2021/10/30,11:54,"	ttyUSB0","	3"
2021/10/30,11:55,"	ttyUSB0","	3"
2021/10/30,11:56,"	ttyUSB0","	4"
2021/10/30,11:57,"	ttyUSB0","	4"
2021/10/30,11:58,"	ttyUSB0","	4"
2021/10/30,11:59,"	ttyUSB0","	4"
2021/10/30,12:00,"	ttyUSB0","	4"
2021/10/30,12:01,"	ttyUSB0","	4"
2021/10/30,12:02,"	ttyUSB0","	4"
2021/10/30,12:03,"	ttyUSB0","	4"
2021/10/30,12:04,"	ttyUSB0","	4"
2021/10/30,12:05,"	ttyUSB0","	4"
2021/10/30,12:06,"	ttyUSB0","	4"
2021/10/30,12:07,"	ttyUSB0","	4"
2021/10/30,12:08,"	ttyUSB0","	4"
2021/10/30,12:09,"	ttyUSB0","	3"
2021/10/30,12:10,"	ttyUSB0","	4"
2021/10/30,12:11,"	ttyUSB0","	4"
2021/10/30,12:12,"	ttyUSB0","	4"
2021/10/30,12:13,"	ttyUSB0","	4"
2021/10/30,12:14,"	ttyUSB0","	3"
2021/10/30,12:15,"	ttyUSB0","	3"
2021/10/30,12:16,"	ttyUSB0","	3"
2021/10/30,12:17,"	ttyUSB0","	3"
2021/10/30,12:18,"	ttyUSB0","	3"
2021/10/30,12:19,"	ttyUSB0","	3"
2021/10/30,12:20,"	ttyUSB0","	3"
2021/10/30,12:21,"	ttyUSB0","	3"
2021/10/30,12:22,"	ttyUSB0","	3"
2021/10/30,12:23,"	ttyUSB0","	3"
2021/10/30,12:24,"	ttyUSB0","	4"
2021/10/30,12:25,"	ttyUSB0","	4"
2021/10/30,12:26,"	ttyUSB0","	4"
2021/10/30,12:27,"	ttyUSB0","	3"
2021/10/30,12:28,"	ttyUSB0","	3"
2021/10/30,12:29,"	ttyUSB0","	4"
2021/10/30,12:30,"	ttyUSB0","	4"
2021/10/30,12:31,"	ttyUSB0","	4"
2021/10/30,12:32,"	ttyUSB0","	3"
2021/10/30,12:33,"	ttyUSB0","	3"
2021/10/30,12:34,"	ttyUSB0","	3"
2021/10/30,12:35,"	ttyUSB0","	3"
2021/10/30,12:36,"	ttyUSB0","	4"
2021/10/30,12:37,"	ttyUSB0","	3"
2021/10/30,12:38,"	ttyUSB0","	3"
2021/10/30,12:39,"	ttyUSB0","	3"
2021/10/30,12:40,"	ttyUSB0","	3"
2021/10/30,12:41,"	ttyUSB0","	4"
2021/10/30,12:42,"	ttyUSB0","	3"
2021/10/30,12:43,"	ttyUSB0","	3"
2021/10/30,12:44,"	ttyUSB0","	3"
2021/10/30,12:45,"	ttyUSB0","	3"
2021/10/30,12:46,"	ttyUSB0","	3"
2021/10/30,12:47,"	ttyUSB0","	3"
2021/10/30,12:48,"	ttyUSB0","	3"
2021/10/30,12:49,"	ttyUSB0","	3"
2021/10/30,12:50,"	ttyUSB0","	3"
2021/10/30,12:51,"	ttyUSB0","	3"
2021/10/30,12:52,"	ttyUSB0","	3"
2021/10/30,12:53,"	ttyUSB0","	4"
2021/10/30,12:54,"	ttyUSB0","	4"
2021/10/30,12:55,"	ttyUSB0","	4"
2021/10/30,12:56,"	ttyUSB0","	3"
2021/10/30,12:57,"	ttyUSB0","	3"
2021/10/30,12:58,"	ttyUSB0","	3"
2021/10/30,12:59,"	ttyUSB0","	3"
2021/10/30,13:00,"	ttyUSB0","	3"
2021/10/30,13:01,"	ttyUSB0","	3"
2021/10/30,13:02,"	ttyUSB0","	3"
2021/10/30,13:03,"	ttyUSB0","	3"
2021/10/30,13:04,"	ttyUSB0","	3"
2021/10/30,13:05,"	ttyUSB0","	3"
2021/10/30,13:06,"	ttyUSB0","	3"
2021/10/30,13:07,"	ttyUSB0","	3"
2021/10/30,13:08,"	ttyUSB0","	3"
2021/10/30,13:09,"	ttyUSB0","	3"
2021/10/30,13:10,"	ttyUSB0","	3"
2021/10/30,13:11,"	ttyUSB0","	3"
2021/10/30,13:12,"	ttyUSB0","	3"
2021/10/30,13:13,"	ttyUSB0","	3"
2021/10/30,13:14,"	ttyUSB0","	3"
2021/10/30,13:15,"	ttyUSB0","	3"
2021/10/30,13:16,"	ttyUSB0","	3"
2021/10/30,13:17,"	ttyUSB0","	3"
2021/10/30,13:18,"	ttyUSB0","	3"
2021/10/30,13:19,"	ttyUSB0","	4"
2021/10/30,13:20,"	ttyUSB0","	4"
2021/10/30,13:21,"	ttyUSB0","	3"
2021/10/30,13:22,"	ttyUSB0","	3"
2021/10/30,13:23,"	ttyUSB0","	3"
2021/10/30,13:24,"	ttyUSB0","	3"
2021/10/30,13:25,"	ttyUSB0","	3"
2021/10/30,13:26,"	ttyUSB0","	4"
2021/10/30,13:27,"	ttyUSB0","	3"
2021/10/30,13:28,"	ttyUSB0","	3"
2021/10/30,13:29,"	ttyUSB0","	3"
2021/10/30,13:30,"	ttyUSB0","	4"
2021/10/30,13:31,"	ttyUSB0","	4"
2021/10/30,13:32,"	ttyUSB0","	3"
2021/10/30,13:33,"	ttyUSB0","	3"
2021/10/30,13:34,"	ttyUSB0","	3"
2021/10/30,13:35,"	ttyUSB0","	3"
2021/10/30,13:36,"	ttyUSB0","	3"
2021/10/30,13:37,"	ttyUSB0","	3"
2021/10/30,13:38,"	ttyUSB0","	3"
2021/10/30,13:39,"	ttyUSB0","	3"
2021/10/30,13:40,"	ttyUSB0","	4"
2021/10/30,13:41,"	ttyUSB0","	3"
2021/10/30,13:42,"	ttyUSB0","	3"
2021/10/30,13:43,"	ttyUSB0","	3"
2021/10/30,13:44,"	ttyUSB0","	3"
2021/10/30,13:45,"	ttyUSB0","	3"
2021/10/30,13:46,"	ttyUSB0","	3"
2021/10/30,13:47,"	ttyUSB0","	3"
2021/10/30,13:48,"	ttyUSB0","	3"
2021/10/30,13:49,"	ttyUSB0","	3"
2021/10/30,13:50,"	ttyUSB0","	3"
2021/10/30,13:51,"	ttyUSB0","	3"
2021/10/30,13:52,"	ttyUSB0","	3"
2021/10/30,13:53,"	ttyUSB0","	3"
2021/10/30,13:54,"	ttyUSB0","	3"
2021/10/30,13:55,"	ttyUSB0","	3"
2021/10/30,13:56,"	ttyUSB0","	3"
2021/10/30,13:57,"	ttyUSB0","	3"
2021/10/30,13:58,"	ttyUSB0","	3"
2021/10/30,13:59,"	ttyUSB0","	3"
2021/10/30,14:00,"	ttyUSB0","	3"
2021/10/30,14:01,"	ttyUSB0","	3"
2021/10/30,14:02,"	ttyUSB0","	3"
2021/10/30,14:03,"	ttyUSB0","	3"
2021/10/30,14:04,"	ttyUSB0","	3"
2021/10/30,14:05,"	ttyUSB0","	3"
2021/10/30,14:06,"	ttyUSB0","	3"
2021/10/30,14:07,"	ttyUSB0","	3"
2021/10/30,14:08,"	ttyUSB0","	3"
2021/10/30,14:09,"	ttyUSB0","	3"
2021/10/30,14:10,"	ttyUSB0","	3"
2021/10/30,14:11,"	ttyUSB0","	3"
2021/10/30,14:12,"	ttyUSB0","	3"
2021/10/30,14:13,"	ttyUSB0","	3"
2021/10/30,14:14,"	ttyUSB0","	3"
2021/10/30,14:15,"	ttyUSB0","	3"
2021/10/30,14:16,"	ttyUSB0","	3"
2021/10/30,14:17,"	ttyUSB0","	3"
2021/10/30,14:18,"	ttyUSB0","	3"
2021/10/30,14:19,"	ttyUSB0","	3"
2021/10/30,14:20,"	ttyUSB0","	3"
2021/10/30,14:21,"	ttyUSB0","	3"
2021/10/30,14:22,"	ttyUSB0","	3"
2021/10/30,14:23,"	ttyUSB0","	3"
2021/10/30,14:24,"	ttyUSB0","	3"
2021/10/30,14:25,"	ttyUSB0","	3"
2021/10/30,14:26,"	ttyUSB0","	3"
2021/10/30,14:27,"	ttyUSB0","	3"
2021/10/30,14:28,"	ttyUSB0","	3"
2021/10/30,14:29,"	ttyUSB0","	3"
2021/10/30,14:30,"	ttyUSB0","	3"
2021/10/30,14:31,"	ttyUSB0","	3"
2021/10/30,14:32,"	ttyUSB0","	3"
2021/10/30,14:33,"	ttyUSB0","	3"
2021/10/30,14:34,"	ttyUSB0","	3"
2021/10/30,14:35,"	ttyUSB0","	3"
2021/10/30,14:36,"	ttyUSB0","	3"
2021/10/30,14:37,"	ttyUSB0","	3"
2021/10/30,14:38,"	ttyUSB0","	3"
2021/10/30,14:39,"	ttyUSB0","	3"
2021/10/30,14:40,"	ttyUSB0","	3"
2021/10/30,14:41,"	ttyUSB0","	3"
2021/10/30,14:42,"	ttyUSB0","	3"
2021/10/30,14:43,"	ttyUSB0","	3"
2021/10/30,14:44,"	ttyUSB0","	3"
2021/10/30,14:45,"	ttyUSB0","	3"
2021/10/30,14:46,"	ttyUSB0","	3"
2021/10/30,14:47,"	ttyUSB0","	3"
2021/10/30,14:48,"	ttyUSB0","	3"
2021/10/30,14:49,"	ttyUSB0","	3"
2021/10/30,14:50,"	ttyUSB0","	3"
2021/10/30,14:51,"	ttyUSB0","	3"
2021/10/30,14:52,"	ttyUSB0","	3"
2021/10/30,14:53,"	ttyUSB0","	3"
2021/10/30,14:54,"	ttyUSB0","	3"
2021/10/30,14:55,"	ttyUSB0","	3"
2021/10/30,14:56,"	ttyUSB0","	3"
2021/10/30,14:57,"	ttyUSB0","	3"
2021/10/30,14:58,"	ttyUSB0","	4"
2021/10/30,14:59,"	ttyUSB0","	3"
2021/10/30,15:00,"	ttyUSB0","	3"
2021/10/30,15:01,"	ttyUSB0","	3"
2021/10/30,15:02,"	ttyUSB0","	3"
2021/10/30,15:03,"	ttyUSB0","	3"
2021/10/30,15:04,"	ttyUSB0","	3"
2021/10/30,15:05,"	ttyUSB0","	3"
2021/10/30,15:06,"	ttyUSB0","	3"
2021/10/30,15:07,"	ttyUSB0","	3"
2021/10/30,15:08,"	ttyUSB0","	3"
2021/10/30,15:09,"	ttyUSB0","	4"
2021/10/30,15:10,"	ttyUSB0","	3"
2021/10/30,15:11,"	ttyUSB0","	3"
2021/10/30,15:12,"	ttyUSB0","	3"
2021/10/30,15:13,"	ttyUSB0","	3"
2021/10/30,15:14,"	ttyUSB0","	3"
2021/10/30,15:15,"	ttyUSB0","	4"
2021/10/30,15:16,"	ttyUSB0","	3"
2021/10/30,15:17,"	ttyUSB0","	3"
2021/10/30,15:18,"	ttyUSB0","	3"
2021/10/30,15:19,"	ttyUSB0","	4"
2021/10/30,15:20,"	ttyUSB0","	3"
2021/10/30,15:21,"	ttyUSB0","	3"
2021/10/30,15:22,"	ttyUSB0","	3"
2021/10/30,15:23,"	ttyUSB0","	3"
2021/10/30,15:24,"	ttyUSB0","	3"
2021/10/30,15:25,"	ttyUSB0","	4"
2021/10/30,15:26,"	ttyUSB0","	3"
2021/10/30,15:27,"	ttyUSB0","	3"
2021/10/30,15:28,"	ttyUSB0","	3"
2021/10/30,15:29,"	ttyUSB0","	3"
2021/10/30,15:30,"	ttyUSB0","	3"
2021/10/30,15:31,"	ttyUSB0","	3"
2021/10/30,15:32,"	ttyUSB0","	4"
2021/10/30,15:33,"	ttyUSB0","	4"
2021/10/30,15:34,"	ttyUSB0","	3"
2021/10/30,15:35,"	ttyUSB0","	3"
2021/10/30,15:36,"	ttyUSB0","	3"
2021/10/30,15:37,"	ttyUSB0","	3"
2021/10/30,15:38,"	ttyUSB0","	3"
2021/10/30,15:39,"	ttyUSB0","	3"
2021/10/30,15:40,"	ttyUSB0","	4"
2021/10/30,15:41,"	ttyUSB0","	4"
2021/10/30,15:42,"	ttyUSB0","	4"
2021/10/30,15:43,"	ttyUSB0","	4"
2021/10/30,15:44,"	ttyUSB0","	4"
2021/10/30,15:45,"	ttyUSB0","	4"
2021/10/30,15:46,"	ttyUSB0","	4"
2021/10/30,15:47,"	ttyUSB0","	4"
2021/10/30,15:48,"	ttyUSB0","	4"
2021/10/30,15:49,"	ttyUSB0","	3"
2021/10/30,15:50,"	ttyUSB0","	3"
